Distribuidor;Nombre_Referencia;Precio_Bruto;Precio_Num_€
Lafuente;Vermut Fot-li Rojo;€;
Lafuente;Vermouth Martinez Lacuesta Reserva;€;
Lafuente;Vermut Fot-li Formula Antiga;€;
Lafuente;Vermouth Quilez;€;
Lafuente;Vermut Lustau Rojo;€;
Lafuente;Vermouth Olave Rojo;€;
Lafuente;Gerisena Vermut Obreboques;€;
Lafuente;Vermut el Raval de Barcelona Negre;€;
Lafuente;Vermut Siset MascarÓ;€;
Lafuente;Vermouth Yzaguirre Rojo Reserva;€;
Lafuente;Vermouth Espinaler;€;
Lafuente;Vermouth Perucchi Gran Reserva;€;
Lafuente;Vermouth Mancino Rosso Amaranto;€;
Lafuente;Vermouth Yzaguirre Clásico Rojo;€;
Lafuente;Vermouth Poli Gran Bassano Rosso;€;
Lafuente;Vermouth Del Professore Rojo;€;
Lafuente;Vermouth Dos Deus;€;
Lafuente;Vermouth Mancino Sakura;€;
Lafuente;Vermouth Yzaguirre Herbal Vintage;€;
Lafuente;Bonanto;€;
Lafuente;Vermouth Del Professore Blanco;€;
Lafuente;la Quintinye Vermouth Royal Rouge;€;
Lafuente;Vermouth Mancino Secco;€;
Lafuente;Vermouth Yzaguirre Blanco;€;
Lafuente;Vermouth Valdespino;€;
Lafuente;Vermouth Mancino Chinato;€;
Lafuente;Vermu St Petroni Rojo;€;
Lafuente;Vermut Lacuesta Rojo;€;
Lafuente;Vermut el Raval de Barcelona Blanc;€;
Lafuente;Vermut Marinero;€;
Lafuente;Belsazar Red;€;
Lafuente;Vermouth Dos Deus Caliente Mediterraneo;€;
Lafuente;Vermouth Mancino Bianco Ambrato;€;
Lafuente;Vermu St Petroni Blanco;€;
Lafuente;Belsazar White;€;
Lafuente;Belsazar Dry;€;
Lafuente;Belsazar Rose;€;
Lafuente;Gerisena Sangria Remenanena;€;
Lafuente;Vermut de Luna Reserva;€;
Lafuente;Dos Deus Origins Red;€;
Lafuente;Vermouth Seagram’s;€;
Lafuente;Sparkling Vermouth Atxa;€;
Lafuente;Vermouth Del Professore Whisky Finish;€;
Lafuente;Vermouth Perucchi Blanco;€;
Lafuente;Vermut Lustau Rosado;€;
Lafuente;Cocchi Rosa;€;
Lafuente;Vermouth Quilez Blanco;€;
Decantalo;Lustau Vermut Rojo;,10 €;10.0
Decantalo;Alvear Vermouth Rojo Artesano de Pedro Ximénez;,50 €;50.0
Decantalo;Vermouth Martínez Lacuesta Reserva;,90 €;90.0
Decantalo;Vermouth Dos Deus Estrelles;,50 €;50.0
Decantalo;Vermouth De Muller Reserva;,40 €;40.0
Decantalo;Vermouth Yzaguirre Rojo Reserva 1 Litro;,40 €;40.0
Decantalo;Vermouth Rojo La Copa;,25 €;25.0
Decantalo;Martini Bianco 1 Litro;,10 €;10.0
Decantalo;Punt E Mes Vermouth;,60 €;60.0
Decantalo;Vermouth Perucchi Gran Reserva 1 Litro;,90 €;90.0
Decantalo;Vermouth Rojo La Copa Reserva;,40 €;40.0
Decantalo;Vermú Rojo Nordés 1 Litro;,75 €;75.0
Decantalo;Vermut El Bandarra 1 Litro;,40 €;40.0
Decantalo;Vermut Blanco Nordés 1 Litro;,60 €;60.0
Decantalo;COS Vermouth Rosso Nero d'Avola 2021 2023;,75 €;75.0
Decantalo;61 Vermouth Verdejo;,80 €;80.0
Decantalo;Vermut Clàssic Castell del Remei;,10 €;10.0
Decantalo;Vermut Atamán 50 cl.;,95 €;95.0
Decantalo;Vermouth Yzaguirre Rojo 1 Litro;,95 €;95.0
Decantalo;Can Rich Vermouth Premium;,25 €;25.0
Decantalo;Petroni Aperitivo;,80 €;80.0
Decantalo;Lustau Vermut blanco;,10 €;10.0
Decantalo;Vermut Les Cousins Donzell 1 Litro 2022;,40 €;40.0
Decantalo;Vermouth Carpano Classico 1 Litro;,75 €;75.0
Decantalo;Vermut Peregrino Rojo;,50 €;50.0
Decantalo;Vermut Marnuthem Blanc 75 cl;,95 €;95.0
Decantalo;Petroni Aperitivo 1 Litro;,30 €;30.0
Decantalo;Vermouth De Muller Iris Rojo;,25 €;25.0
Decantalo;Raimat El Polvorí Vermut;,50 €;50.0
Decantalo;Fabio Coullet Vermouth;,50 €;50.0
Decantalo;COS Bitter Cerasuolo di Vittoria 2018;,25 €;25.0
Decantalo;Vermut Xalar;,95 €;95.0
Decantalo;Vermut de Capçanes;,95 €;95.0
Decantalo;Ambassadeur Aperitif de Tradition 1 Litro;,10 €;10.0
Decantalo;Martini Rosso 1 Litro;,95 €;95.0
Decantalo;Astobiza Vermouth Extra;,25 €;25.0
Decantalo;Lustau Vermut Rosé;,10 €;10.0
Decantalo;Vermouth Yzaguirre Blanco Reserva 1 Litro;,95 €;95.0
Decantalo;Vermouth Carpano Fórmula Antica 1 Litro;,50 €;50.0
Decantalo;Vermut Fernando de Castilla;,95 €;95.0
Decantalo;Vermut Fernando de Castilla blanco;,95 €;95.0
Decantalo;Vermouth Martínez Lacuesta Rojo;,10 €;10.0
Decantalo;Vermouth Yzaguirre Blanco 1 Litro;,75 €;75.0
Decantalo;Vermouth Carpano Bianco 1 Litro;,25 €;25.0
Decantalo;El Bandarra blanco 1 Litro;,95 €;95.0
Decantalo;Vermut Noilly Prat Rojo;,40 €;40.0
Decantalo;Vermouth La Madre Negre;0 0 1 1      Producto no disponible;0.0
Decantalo;Vermouth La Madre Premium;0 0 1 1      Producto no disponible;0.0
Decantalo;Vermouth De Muller Iris Rojo Outlet;0 0 1 1      Producto no disponible;0.0
Decantalo;Álvaro Domecq Vermut La Janda;0 0 1 1      Producto no disponible;0.0
Decantalo;Garvey Vermut Marinero;0 0 1 1      Producto no disponible;0.0
Decantalo;Vermouth Cuppedia 1 Litro;0 0 1 1      Producto no disponible;0.0
Decantalo;Vermouth Rojo La Copa Outlet;0 0 1 1      Producto no disponible;0.0
Decantalo;Vermouth Valdespino;0 0 1 1      Producto no disponible;0.0
Decantalo;Astobiza Vermouth Extra Outlet;0 0 1 1      Producto no disponible;0.0
Decantalo;Vermouth Yzaguirre Rojo 1 Litro Outlet;0 0 1 1      Producto no disponible;0.0
Decantalo;Vermouth Martínez Lacuesta Reserva Outlet;0 0 1 1      Producto no disponible;0.0
Decantalo;Vermouth Belsazar Dry;0 0 1 1      Producto no disponible;0.0
