Distribuidor;Nombre Referencia;Precio con IVA;Productor o Bodega;Ciudad;Región;País;Tipo de Vermut;Descripción;Notas de Cata;Foto Botella;Enlace Web Oficial
Bodeboca;Vermut Atamán 50 cl;31,00 €;;;;España;Vermut Reserva;Vermut registrado en el año 1943 que se ha elaborado a partir de manzanillas de los históricos cascos bodegueros Angioletti y El Toro que se encuentran ubicados en el Barrio Alto de Sanlúcar de Barrameda. Se inspira en las antiguas reservas de Atamán, vinos quinados y vermuts viejos que ha almacenado Barbadillo durante décadas. Se desconoce por qué Manuel Barbadillo le puso el nombre de un cosaco a este vermut, posiblemente por su fuerza y potente carácter. La historia de Barbadillo se remonta a 1821, año en el que empezó a elaborar manzanilla. Desde entonces, no ha dejado de evolucionar buscando siempre vinos que sorprendan y dejen huella.;Bodeboca.com © 2026 - Todos los derechos reservados;https://www.bodeboca.com/sites/default/files/wines/2019-04/bot-barbadillo-vermut-ataman.jpg;https://www.bodeboca.com/vino/vermut-ataman-50-cl#block-productratings
Bodeboca;Vermouth La Copa Extra Seco;14,53 €;;;;España;Vermut Rojo;La receta con la que se ha elaborado este vermouth ha sido recuperada del archivo histórico de González Byass. Un archivo en el que hay referencias sobre vermouths desde el año 1896. Así, la casa realiza una selección de vinos finos para crear esta delicia, macerada con botánicos tan especiales como la ajedrea y el ajenjo y, también, con frutos rojos. Un trago perfecto tanto para degustar solo o como base de coctelería. Made with fino Sherry, this pale-straw vermouth greets with a mild, slightly herbaceous aroma. The palate shows golden raisin and ripe pear tinged with basil and sweet cinnamon, with mouthwatering salinity on the finish. It's delightful to sip straight—especially when chilled—or mix into killer Martinis.;Bodeboca.com © 2026 - Todos los derechos reservados;https://www.bodeboca.com/sites/default/files/wines/2022-07/bot-vermouth-lacopa-extra-seco.jpg;https://www.bodeboca.com/vino/vermouth-copa-extra-seco
Decántalo;Punt E Mes Vermouth;13,95 €;"Bodega
Carpano";;;España;Vermut;Sin descripción;Punt E Mes es un vermut que tiene un color anaranjado con tonalidades topacio. En nariz ofrece aromas que recuerdan a hierbas medicinales, quina y clavo. Su entrada en boca es inicialmente dulce pero va dejando paso a las notas amargas características de las cortezas de naranja y acaba con un final aún más dulce. Se recomienda beber solo, con una cáscara de naranja o como base de cócteles como el Manhattan.;https://www.decantalo.com/es/13959-large_default/punt-e-mes-vermouth.jpg;https://www.decantalo.com/es/es/punt-e-mes-vermouth.html#/1-formato-75_cl/177-ano-sin_anada
Bodeboca;Vermut San Bernabé Gran Reserva Especial;20,67 €;;;;España;Vermut Reserva;Este vermut de Vinícola Real (elaboradores de la gama de vinos 200 Monges) es un homenaje a la tierra riojana, madre de grandes vinos. Su nombre procede de la batalla de San Bernabé (1521), cuando muchos logroñeses corrián por los pasadizos de sus bodegas burlando la guardia enemiga con el fin de llegar al río Ebro por la noche y abastecerse de peces y vino con los que poder sobrevivir al asedio francés. Se elabora a partir de la maceración de plantas, raíces, hierbas y cortezas de cítricos en vinos tintos de Rioja. Se macera con 49 tipos de botánicos, entre ellos ajenjo, genciana, naranja, manzanilla, limón, canela y clavo.;Se muestra bonito a la vista, con un color rojo rubí con ribete teja. En nariz predominan aromas a fruta, licor, hierbas de monte y elegantes toques cítricos. Finalmente en boca es un vermut muy sabroso, carnoso, estructurado, persistente y muy equilibrado entre el dulce, el ácido y un amargo fino y elegante que invita a seguir degustándolo. | Bodeboca.com © 2026 - Todos los derechos reservados;https://www.bodeboca.com/sites/default/files/wines/2016-06/bot-vermut-sanbernabe.jpg;https://www.bodeboca.com/vino/vermut-san-bernabe-gran-reserva-especial
Bodeboca;Vermut Fernando de Castilla;20,53 €;;;;España;Vermut;La bodega jerezana ha recuperado la centenaria tradición de la zona de elaborar vermut respetando la esencia y la tradición. Sus vinos añejos de altísima calidad de Oloroso y PX han sido impregnados con 27 botánicos que los han transformado en un vermut completamente natural, sin ningún aroma añadido pero de una intensidad sorprendente. Un vermut potente y lleno de copmplejidad que debe disfrutarse con hielo. Elegante y refrescante. En pleno casco histórico de Jerez se ubica esta bodega cuyos generosos hacen las delicias de los amantes de este tipo de vinos. Con una experiencia centenaria, Fernando de Castilla siempre ha ofrecido los productos más selectos de Jerez.;Bodeboca.com © 2026 - Todos los derechos reservados;https://www.bodeboca.com/sites/default/files/wines/2020-05/bot-vermut-fernando-de-castilla.jpg;https://www.bodeboca.com/vino/vermut-fernando-castilla#block-productratings
Decántalo;Vermouth Rojo La Copa Reserva;14,75 €;"Bodega
González Byass";"Zona De Elaboración
Andalucía";;España;Vermut Rojo;Sin descripción;Con un profundo color ámbar, Vermouth Rojo La Copa Reserva se revela con intensos aromas de frutos secos, especias y una delicada nota de naranja amarga. En boca es suave y equilibrado, con una ligera amargura que se entrelaza con toques de canela, clavo y nuez moscada, aportando complejidad y profundidad. Su envejecimiento en botas de roble americano con olorosos le da un carácter distintivo que resalta su origen en el vino de Jerez. | Vermouth Rojo La Copa Reserva es una expresión sofisticada de esta maestría. Su base, compuesta por nobles soleras de Olorosos y Pedro Ximénez, se enriquece con una meticulosa selección de botánicos: ajenjo, ajedrea, clavo, naranja amarga, canela, nuez moscada, angélica y quina. El envejecimiento de 12 meses en botas de roble americano previamente envinadas con Olorosos durante dos años (Sherry Cask) le otorga una complejidad y profundidad únicas. En boca, su equilibrio entre dulzura y amargor, junto con notas especiadas y cítricas, lo convierten en un vermouth inconfundible, con la esencia del vino de Jerez en cada gota.;https://www.decantalo.com/es/70937-large_default/vermouth-rojo-la-copa-reserva.jpg;https://www.decantalo.com/es/es/vermouth-rojo-la-copa-reserva.html#/1-formato-75_cl/177-ano-sin_anada
Decántalo;Vermut de la bodega Yzaguirre;12,40 €;;;;España;Vermut;Sin descripción;No disponibles;https://www.decantalo.com/es/img/prestashop-17-logo-1577703831.jpg;https://www.decantalo.com/es/es/vino/vermut/q/bodega_vermut-yzaguirre/
Decántalo;Vermut Peregrino Rojo;14,75 €;"Bodega
Atlantic Galician Spirits";"Zona De Elaboración
Galicia";;España;Vermut Rojo;Sin descripción;Vermú Peregrino Rojo seduce con su brillante color caoba y despliega en nariz aromas de fruta compotada, canela y delicados matices herbales que evocan la frescura de la uva godello. En boca, la dulzura de la fruta madura se encuentra con el amargor elegante del ajenjo, mientras su textura sedosa acaricia el paladar hasta un final persistente donde frutos secos y hierbas del Camino de Santiago dejan una huella memorable, ideal para compartir momentos de conversación, aperitivo o celebración tranquila.;https://www.decantalo.com/es/66285-large_default/vermut-peregrino-rojo.jpg;https://www.decantalo.com/es/es/vermut-peregrino-rojo.html#/1-formato-75_cl/177-ano-sin_anada
Decántalo;Vermouth De Muller Iris Rojo;6,95 €;"Bodega
De Muller";"Zona De Elaboración
Cataluña";;España;Vermut Rojo;Sin descripción;No disponibles;https://www.decantalo.com/es/63878-large_default/vermouth-de-muller-iris-rojo.jpg;https://www.decantalo.com/es/es/vermouth-de-muller-iris-rojo.html#/1-formato-75_cl/177-ano-sin_anada
Bodeboca;61 Vermouth Verdejo;14,53 €;;;;España;Vermut;61 Vermouth Verdejo es posíblemente el único del mercado elaborado a partir de la variedad Verdejo. Se embotella en una botella jerezana para reivindicar su personalidad vinícola. Este vermouth original es fruto del ensamblaje de un 50% de vino fermentado en barrica criado sobre lías y otro 50% de vino joven. El objetivo es que el resultado, macerado con la selección de botánicos escogidos por Roberto L. Tello, exprese y respete el carácter de la uva. Misión cumplida. Con más de 80 años de historia a sus espaldas, esta bodega es una de las más potentes de la Denominación de Origen Rueda. Allí elaboran hasta 15 millones de botellas cada añada.;Bodeboca.com © 2026 - Todos los derechos reservados;https://www.bodeboca.com/sites/default/files/wines/2021-07/bot-61-vermouth.jpg;https://www.bodeboca.com/vino/61-vermouth-verdejo
Bodeboca;Vermouth del Professore Rosso;40,67 €;;;;España;Vermut Rojo;"""The Professor"" es el sobrenombre con el que siempre será conocido Jerry Thomas, el barman que se considera pionero y personaje célebre en la mixología de Estados Unidos. El Vermouth del Professore Rosso lleva su nombre como un homenaje. Para su elaboración se seleccionan los mejores vinos blancos y tintos nacionales y de producción propia. Inspirado en el icónico bartender Jerry Thomas, Vermouth Del Professore nace de una colaboración entre todos los fundadores de la prestigiosa coctelería de Roma, The Jerry Thomas Project.";Bodeboca.com © 2026 - Todos los derechos reservados;https://www.bodeboca.com/sites/default/files/wines/2020-05/bot-vermouth-del-professore-rosso.jpg;https://www.bodeboca.com/vino/vermouth-professore-rosso#block-productratings
Decántalo;Vermut, o vermouth, una oda al hedonismo.;13,10 €;;;;España;Vermut;Sin descripción;No disponibles;https://www.decantalo.com/es/img/prestashop-17-logo-1577703831.jpg;https://www.decantalo.com/es/es/vino/vermut/?SubmitCurrency=1&id_currency=1
Bodeboca;Astobiza Vermouth Extra;20.25 €;;;;"Astobiza Vermouth Extra

    País Vasco";Vermut Blanco;"Un vermut de altos vuelos que ha sido seleccionado como el mejor vermut semidulce del mundo en los World Vermouth Awards 2021. Se trata del primer vermut blanco del mundo elaborado con Hondarrabi zuri, la uva protagonista en los txakolis alaveses. Se crea con el vino base que alberga la damajuana número 3 de las 12 que tiene la bodega, y se macera con botánicos entre los que destacan el ajenjo y los cítricos que redondean un trago perfecto no solo para degustar ""on the rocks"", sino también en coctelería e incluso como acompañante de comidas. Okendo Txakolina es como se llama la explotación del municipio de Okondo (Álava) donde actualmente se localiza un viñedo de 10 hectáreas y una bodega que se edificó en 2008.";Bodeboca.com © 2026 - Todos los derechos reservados;https://www.bodeboca.com/sites/default/files/wines/2021-04/bot-astobiza-vermouth-extra-sinbotellita.jpg;https://www.bodeboca.com/vino/astobiza-vermouth-extra
Decántalo;Astobiza Vermouth Extra;6,95 €;"02.09.2024
Artur
Balart Surià
Un Vermouth Excepcional. Tuve La Ocasión Hace 2 Años De Visitar Las Bodegas Y Comprar  También Su Ginebra Y El Txacolí. Todos Fantásticos





29.05.2024
Diana
P. Randulfe
Estaba Riquísimo 





25.02.2023
Carlos
Gascon Sancho
El Producto Es Bueno Lo Demueestra Las Compras Realizadas. Con Respecto A La Venta Por Decantalo Pesima En Esta Ocasion. El Motivo Es Que Reealice Una Compra Online De 6 Botellas De Este Vermouth Pagando Anticipadamente La Compra Como Muestra Su Factura ***  Del 15/02/2023, Pero Recibo 6 Botellas De Vino Astobiza Ni El Producto Ni El Precio Son Iguales.  Realice La Reclamacion Telefonicamente Y Como Me Indicaron Por Correo Electronico A Compañada Con Las Correspondieentes Fotos Que Me Pidieron Para Comprobar El Producto Enviado Por Error.  Al Dia De Hoy 8 Dias Estoy A La Espera De La Solucion O Se Me Notifica Cuando Y Como Se Va A Solucionar Fecha De La Compra 12/02/ 2023





11.02.2023
Gabriel
Astobiza Gracia
Hhhhh





05.01.2023
Janire
Heras Rabanal
Entrega Del Producto Muy Rápido. Encantada Con El Servicio. ¡Enhorabuena!





21.07.2022
Fernando Javier
Morejon Burguillos
Un Vermut Diferente En Todos Los Sentidos Y De Una Gran Calidad Y Sabor





08.06.2022
Jose Antonio
Sanz De Acedo
Llego Todo Cirrecto Y Rapido. 





10.12.2021
Oscar
Quintela Barriuso
Un Gran Vermú 




Cargar Más Opiniones Sobre Este Producto>";;;España;Vermut;Sin descripción;Astobiza Vermouth Extra es un vermut de carácter atlántico y muy gastronómico que presenta un equilibrio excelente entre sus notas amargas, cítricas y herbales. Su paso por boca es limpio, fresco y largo. Un vermut premium que viene acompañado por una pequeña botella con vermut rojo que da la posibilidad de elaborar combinaciones que potencian su disfrute.;https://www.decantalo.com/es/45212-large_default/astobiza-vermouth-extra.jpg;https://www.decantalo.com/es/es/astobiza-vermouth-extra.html#/1-formato-75_cl/140-outlet-outlet/177-ano-sin_anada
Decántalo;Astobiza Vermouth Extra;6,95 €;"02/09/2024
Artur
Balart Surià
Un Vermouth Excepcional. Tuve La Ocasión Hace 2 Años De Visitar Las Bodegas Y Comprar  También Su Ginebra Y El Txacolí. Todos Fantásticos





29/05/2024
Diana
P. Randulfe
Estaba Riquísimo 





25/02/2023
Carlos
Gascon Sancho
El Producto Es Bueno Lo Demueestra Las Compras Realizadas. Con Respecto A La Venta Por Decantalo Pesima En Esta Ocasion. El Motivo Es Que Reealice Una Compra Online De 6 Botellas De Este Vermouth Pagando Anticipadamente La Compra Como Muestra Su Factura ***  Del 15/02/2023, Pero Recibo 6 Botellas De Vino Astobiza Ni El Producto Ni El Precio Son Iguales.  Realice La Reclamacion Telefonicamente Y Como Me Indicaron Por Correo Electronico A Compañada Con Las Correspondieentes Fotos Que Me Pidieron Para Comprobar El Producto Enviado Por Error.  Al Dia De Hoy 8 Dias Estoy A La Espera De La Solucion O Se Me Notifica Cuando Y Como Se Va A Solucionar Fecha De La Compra 12/02/ 2023





11/02/2023
Gabriel
Astobiza Gracia
Hhhhh





05/01/2023
Janire
Heras Rabanal
Entrega Del Producto Muy Rápido. Encantada Con El Servicio. ¡Enhorabuena!





21/07/2022
Fernando Javier
Morejon Burguillos
Un Vermut Diferente En Todos Los Sentidos Y De Una Gran Calidad Y Sabor





08/06/2022
Jose Antonio
Sanz De Acedo
Llego Todo Cirrecto Y Rapido. 





10/12/2021
Oscar
Quintela Barriuso
Un Gran Vermú 




Cargar Más Opiniones Sobre Este Producto>";;;España;Vermut;Sin descripción;Astobiza Vermouth Extra es un vermut de carácter atlántico y muy gastronómico que presenta un equilibrio excelente entre sus notas amargas, cítricas y herbales. Su paso por boca es limpio, fresco y largo. Un vermut premium que viene acompañado por una pequeña botella con vermut rojo que da la posibilidad de elaborar combinaciones que potencian su disfrute.;https://www.decantalo.com/es/45212-large_default/astobiza-vermouth-extra.jpg;https://www.decantalo.com/es/es/astobiza-vermouth-extra.html#/1-formato-75_cl/177-ano-sin_anada
Decántalo;Alvear Vermouth Rojo Artesano de Pedro Ximénez;11,95 €;"Bodega
Alvear";"Zona De Elaboración
Andalucía";;España;Vermut Rojo;Sin descripción;Alvear Vermouth Rojo es un vermut muy potente y profundo. En nariz destacan las notas cítricas, de caramelo tostado, frutos secos, especias dulces. ebanistería y pasas. En boca es equilibrado y amplio, elegante y especiado. Fondo floral complementadas con los aromas a tostado, a café del PX y de madera noble. Final muy largo y definido.;https://www.decantalo.com/es/39896-large_default/alvear-vermouth-rojo.jpg;https://www.decantalo.com/es/es/alvear-vermouth-rojo.html#/1-formato-75_cl/177-ano-sin_anada
Decántalo;Vermouth Carpano Fórmula Antica;38,50 €;"Bodega
Carpano";;;España;Vermut;Sin descripción;Vermouth Carpano Antica Formula es un vermut que en nariz ofrece notas especiadas y aromas de cítricos y frutos secos acompañados por un matiz avainillado. Su paso por boca es redondo, suave, delicado y sabroso donde se reafirman las notas de vainilla que acompañan a los sabores de naranja amarga, dátiles, cacao y azafrán. Es un vermut que equilibra con elegancia dulzor y amargor.;https://www.decantalo.com/es/15443-large_default/vermouth-carpano-formula-antinca.jpg;https://www.decantalo.com/es/es/vermouth-carpano-formula-antinca.html#/53-formato-1_litro/177-ano-sin_anada
Decántalo;Vermouth De Muller Reserva;12,75 €;"Bodega
De Muller";"Zona De Elaboración
Cataluña";;España;Vermut Reserva;Sin descripción;Vermouth De Muller Reserva es un vermut elegante y con carácter. En nariz es dulce, con notas tánicas, amaderadas y fruta pasificada. En boca se mantiene ese dulzor, con notas a frutos secos tostados, cacao y café. Final balsámico, largo y persistente.;https://www.decantalo.com/es/39030-large_default/vermouth-de-muller-reserva.jpg;https://www.decantalo.com/es/es/vermouth-de-muller-reserva.html#/1-formato-75_cl/177-ano-sin_anada
Bodeboca;Vermouth La Copa Reserva;21,20 €;;;;España;Vermut Reserva;Este es un vermú que está elaborado siguiendo la receta tradicional de González Byass de 1906, una década después de que comenzara a hacerse esta bebida al estilo jerezano. Su origen se encuentrra en las soleras más nobles de Oloroso y PX de la casa de Jerez que cuentan con una edad media de 9 años a las que se le han añadido los botánicos más pizpiretos como ajenjo, clavo, naranja amarga, canela, nuez moscada, angélica y quina. González Byass es seguramente el grupo bodeguero español más conocido en todo el mundo gracias a sus vinos de Jerez. Su historia comenzó cuando D. Manuel María González Ángel puso en marcha el negocio.;Bodeboca.com © 2026 - Todos los derechos reservados;https://www.bodeboca.com/sites/default/files/wines/2022-07/bot-vermouth-la-copa-reserva.jpg;https://www.bodeboca.com/vino/vermouth-copa-reserva#block-productratings
Decántalo;Vermouth Rojo La Copa;9,75 €;"Bodega
González Byass";"Zona De Elaboración
Andalucía";;España;Vermut Rojo;Sin descripción;Vermouth Rojo La Copa es un macerado ligero. En nariz destacan aromas especiados, con sutiles notas de clavo, canela e hierbas silvestres. En boca es suave y elegante, con un suave amargor final.;https://www.decantalo.com/es/39028-large_default/vermouth-rojo-la-copa.jpg;https://www.decantalo.com/es/es/vermouth-rojo-la-copa.html#/1-formato-75_cl/177-ano-sin_anada
Bodeboca;Vermut Lustau Rojo;13.75 €;;;;España;Vermut Rojo;Lustau ha recuperado la tradición jerezana de elaborar un vermut en el que el vino local es el protagonista. Es un ensamblaje de dos vinos criados durante más de 10 años con el sistema de criaderas y soleras. Se trata de un vermut genuíno y con mucho carácter andaluz. Los comienzos de esta bodega fueron muy modestos. Al principio cultivaban sus propias viñas y elaboraba los vinos que después vendería a bodegas de renombre.;Bodeboca.com © 2026 - Todos los derechos reservados;https://www.bodeboca.com/sites/default/files/wines/2021-11/bot-lustau-vermut.jpg;https://www.bodeboca.com/vino/vermut-lustau-rojo
Decántalo;Vermouth Martínez Lacuesta Rojo;7,95 €;"Bodega
Martínez Lacuesta";"Zona De Elaboración
La Rioja";;España;Vermut Rojo;Sin descripción;Vermouth Martínez Lacuesta Rojo es un vermut clásico. En nariz destacan sus aromas herbales con notas de ajenjo y mejorana. En boca es dulce y tradicional. Final amargo.;https://www.decantalo.com/es/13979-large_default/vermouth-martinez-lacuesta-rojo.jpg;https://www.decantalo.com/es/es/vermouth-martinez-lacuesta-rojo.html#/1-formato-75_cl/177-ano-sin_anada
Bodeboca;Vermut Luis XIV;18,00 €;;;;España;Vermut Rojo;Vermut rojo dulce elaborado a la manera tradicional de la zona del Alto Vinalopó de Alicante. Permanece madurando dos meses en toneles de roble americano centenario. Como curiosidad, la botella está serigrafiada con tinta especial luminiscente. Este proyecto de recuperación de la vitivinicultura tradicional del Alto Vinalopó se ha fraguado con la unión entre David Carbonell, enólogo alicantino, y las familias Ballester y Ferrero.;Bodeboca.com © 2026 - Todos los derechos reservados;https://www.bodeboca.com/sites/default/files/wines/2024-02/bot-vermut-luis-xiv.png;https://www.bodeboca.com/vino/vermut-luis-xiv#block-productratings
Decántalo;Garvey Vermut Marinero;6,95 €;"Bodega
Bodegas Garvey";;;España;Vermut;Sin descripción;Garvey Vermut Marinero es un vermut complejo y muy especial, de color caoba brillante y limpio. En nariz se combinan los cítricos y la fruta blanca, con recuerdos a romero, gencia, salvia, algas y plancton. En boca es ácido y amargo, pero bien equilibrado. Potente. Abundan las notas salinas. Complejo. Final persistente e intenso con sabor marino.;https://www.decantalo.com/es/46002-large_default/garvey-vermut-marinero.jpg;https://www.decantalo.com/es/es/garvey-vermut-marinero.html#/1-formato-75_cl/177-ano-sin_anada
Bodeboca;Vermouth;0,00 €;;;;España;Vermut Rojo;"Nuestro gran catálogo de vinos siempre disponibles La hora del aperitivo tiene nombre propio: el vermut. Más que una bebida, es un ritual social que ha vuelto con más fuerza que nunca a nuestras barras y terrazas. En Bodeboca puedes encontrar vermuts para todos los gustos: los clásicos rojos de Reus, herbáceos y con ese punto dulce reconfortante; los blancos, más cítricos y ligeros; o los reservas, envejecidos en barrica para ganar complejidad y elegancia.

La base suele ser un vino blanco (de uvas como Macabeo, Airén o Albariño) macerado con una mezcla secreta de botánicos donde no puede faltar el ajenjo, junto a raíces, flores y especias. El color caoba del vermut rojo suele venir del caramelo añadido y/o de especias más oscuras e intensas (como la canela o el clavo).

¿Quieres probar otras referencias internacionales? Viaja con el paladar a Italia, concretamente a Turín, para degustar los estilos amargos que dieron origen a la leyenda. O también puedes empezar descubriendo marcas icónicas y artesanas como Lustau, Yzaguirre, St. Petroni o Carpano.";"La hora del aperitivo tiene nombre propio: el vermut. Más que una bebida, es un ritual social que ha vuelto con más fuerza que nunca a nuestras barras y terrazas. En Bodeboca puedes encontrar vermuts para todos los gustos: los clásicos rojos de Reus, herbáceos y con ese punto dulce reconfortante; los blancos, más cítricos y ligeros; o los reservas, envejecidos en barrica para ganar complejidad y elegancia.

La base suele ser un vino blanco (de uvas como Macabeo, Airén o Albariño) macerado con una mezcla secreta de botánicos donde no puede faltar el ajenjo, junto a raíces, flores y especias. El color caoba del vermut rojo suele venir del caramelo añadido y/o de especias más oscuras e intensas (como la canela o el clavo).

¿Quieres probar otras referencias internacionales? Viaja con el paladar a Italia, concretamente a Turín, para degustar los estilos amargos que dieron origen a la leyenda. O también puedes empezar descubriendo marcas icónicas y artesanas como Lustau, Yzaguirre, St. Petroni o Carpano. | Bodeboca.com © 2026 - Todos los derechos reservados";Sin foto;https://www.bodeboca.com/vino/vermut?algolia_index_top_rated%5Bpage%5D=1
Bodeboca;Vermut Golfo;18,53 €;;;;España;Vermut;Vermut elaborado con uvas sobremaduradas de la variedad Tempranillo cultivadas en la zona burgalesa de Quintana del Pidio. Tiene un color caoba con ligeros matices ambarinos. En nariz ofrece una gran intensidad aromática, con notas herbáceas bien ensambladas. En boca posee gran frescura. La bodega lo considera un vermut con alma sureña por su madurez y con un espíritu norteño por su frescura. Cillar de Silos es una bodega familiar asentada en la localidad de Quintana del Pidio. Pertenece a la familia Aragón, quien la fundó en el año 1994.;Vermut elaborado con uvas sobremaduradas de la variedad Tempranillo cultivadas en la zona burgalesa de Quintana del Pidio. Tiene un color caoba con ligeros matices ambarinos. En nariz ofrece una gran intensidad aromática, con notas herbáceas bien ensambladas. En boca posee gran frescura. La bodega lo considera un vermut con alma sureña por su madurez y con un espíritu norteño por su frescura. | Bodeboca.com © 2026 - Todos los derechos reservados;https://www.bodeboca.com/sites/default/files/wines/2017-07/bot-vermut-golfo.jpg;https://www.bodeboca.com/vino/vermut-golfo
Decántalo;Vermouth Valdespino;6,95 €;"Bodega
Grupo Estévez";;;España;Vermut;Sin descripción;Vermouth Valdespino 75cl es un macerado con una clara identidad gracias al oloroso viejo de Jerez. En nariz es especiado, intenso, donde predominan las notas de oloroso. En boca es cítrico, con especias (clavo y genciana), que se redondea al final con un amargor elegante y final ligeramente dulce.;https://www.decantalo.com/es/36457-large_default/vermouth-valdespino.jpg;https://www.decantalo.com/es/es/vermouth-valdespino.html#/1-formato-75_cl/177-ano-sin_anada
Bodeboca;Vermouth Rojo La Copa Gonzalez Byass;14,13 €;;;;España;Vermut Rojo;"González Byass recupera la tradición de elaborar un Vermouth Rojo a partir de recetas históricas conservadas en los archivos de la bodega desde 1896. Elaborado a partir de nobles soleras de Olorosos y Pedro Ximenez, junto con una cuidada selección de 8 botánicos: Ajenjo, Ajedrea, Clavo, Naranja, Canela, Nuez Moscada, Angélica y Quina. Con 15,5 ºC de alcohol, es un aperitivo perfecto para recuperar la clásica ""hora del vermouth"" que mantiene la misma etiqueta de entonces. A blend of oloroso and Pedro Ximenez Sherries form the base of this plush, super-spiced sweet vermouth. Intense cinnamon and clove sing forward from start to finish, lifted by cocoa and dried fig.";Bodeboca.com © 2026 - Todos los derechos reservados;https://www.bodeboca.com/sites/default/files/wines/2021-07/bot-vermouth-lacopa.jpg;https://www.bodeboca.com/vino/vermouth-rojo-copa-gonzalez-byass#block-productratings
Decántalo;Vermouth Yzaguirre Blanco;7,40 €;"Bodega
Vermut Yzaguirre";"Zona De Elaboración
Cataluña";;España;Vermut Blanco;Sin descripción;Vermouth Yzaguirre Blanco es un vermut clásico. En nariz es muy agradable y particular, con notas de hierbas aromáticas, balsámicas, especias, fruta escarchada, notas tropicales y flores. En boca es fresco y suave, donde predomina la canela y la vainilla. Sabroso y equilibrado.;https://www.decantalo.com/es/13978-large_default/vermouth-yzaguirre-blanco.jpg;https://www.decantalo.com/es/es/vermouth-yzaguirre-blanco.html#/53-formato-1_litro/177-ano-sin_anada
Decántalo;Fabio Coullet Vermouth;13,80 €;"Bodega
Bodegas Fabio Coullet";"Denominación De Origen
Do Málaga-Sierras De Málaga";"Denominación De Origen
Do Málaga-Sierras De Málaga";España;Vermut;Sin descripción;No disponibles;https://www.decantalo.com/es/59693-large_default/fabio-coullet-vermouth.jpg;https://www.decantalo.com/es/es/fabio-coullet-vermouth.html#/1-formato-75_cl/177-ano-sin_anada
Decántalo;Vermut de Capçanes;9,50 €;"Bodega
Celler De Capçanes";"Zona De Elaboración
Cataluña";;España;Vermut;Sin descripción;Vermut de Capçanes es un vermut color caoba, de cuerpo generoso y amplio. En nariz muestra una complejidad de aromas donde destacan la flor de sauce y la salvia acompañados por notas tostadas, de hierbas de montaña, caramelo o frutos secos. Su agradable paso por boca es resultado de su estupendo equilibrio entre amargor y dulzor.;https://www.decantalo.com/es/39031-large_default/vermut-de-capcanes.jpg;https://www.decantalo.com/es/es/vermut-de-capcanes.html#/1-formato-75_cl/177-ano-sin_anada
Bodeboca;Vermouth Rojo Osborne;13,20 €;;;;España;Vermut Rojo;Osborne, elaborador de vinos de Jerez desde 1722, rinde tributo a una tradición centenaria con este delicado vermut elaborado a partir de la combinación de sus famosos vinos de Jerez, Medium y Pedro Ximénez, que aportan un toque dulce, intenso y untuoso. De carácter aterciopleado, entre sus notas aromáticas destaca el ajenjo, la hierba gitanera y un toque especial de piel de naranja amarga. Un vermut genuinamente andaluz. ¿Quién no se ha encontrado en un viaje por carretera con la icónica figura del toro bravo? Reconocido por personas de todo el mundo, es la seña de identidad de Osborne, una de las empresas familiares en activo más antiguas del mundo.;Bodeboca.com © 2026 - Todos los derechos reservados;https://www.bodeboca.com/sites/default/files/wines/2020-04/bot-vermouth-rojo-osborne.jpg;https://www.bodeboca.com/vino/vermouth-rojo-osborne
Decántalo;Vermut, o vermouth, una oda a l'hedonisme.;13,10 €;;;;España;Vermut;Sin descripción;No disponibles;https://www.decantalo.com/es/img/prestashop-17-logo-1577703831.jpg;https://www.decantalo.com/es/ca/vi/vermut/
Decántalo;Vermut de Alemania;0,00 €;;;;España;Vermut;Sin descripción;No disponibles;https://www.decantalo.com/es/img/prestashop-17-logo-1577703831.jpg;https://www.decantalo.com/es/es/vino/vermut/q/pais_alemania/
Bodeboca;Vermouth Perucchi Gran Reserva 1L;14,90 €;;;;España;Vermut Reserva;El auténtico bestseller de la firma fundada por Augustus Perucchi sigue siendo elaborado con su misma receta original. Más de 50 botánicos naturales, sin conservantes ni colorantes, y un envejecimiento de 3 años mediante el sistema de soleras en fudres de 9.000 litros con las madres de 1876, alumbran este vermut espectacular, equilibrado, ligeramente amargo pero, al mismo tiempo, suave al paladar. Perucchi está considerado el primer vermouth producido en España, algo que tuvo lugar en el año 1876 por parte de Augustus Perucchi.;Bodeboca.com © 2026 - Todos los derechos reservados;https://www.bodeboca.com/sites/default/files/wines/2020-10/bot-vemouth-perucchi-gr.jpg;https://www.bodeboca.com/vino/vermouth-perucchi-gran-reserva-1l
Bodeboca;Vermouth La Copa Blanco;13,20 €;;;;España;Vermut Blanco;La primera referencia a vermuts que existe en el archivo de González Byass data de 1896. Este vermut blanco se elabora con una receta recuperada de dichos archivos históricos. Se crea con una mezcla de vinos finos seleccionados minuciosamente y con botánicos como ajenjo, ajedrea, nuez moscada, canela, clavo y naranja amarga. Una verdadera delicia tanto los más puristas como para los exploradores deseosos de probar un trago diferente. González Byass es seguramente el grupo bodeguero español más conocido en todo el mundo gracias a sus vinos de Jerez. Su historia comenzó cuando D. Manuel María González Ángel puso en marcha el negocio.;Bodeboca.com © 2026 - Todos los derechos reservados;https://www.bodeboca.com/sites/default/files/wines/2023-05/bot-vermouth-lacopablanco.jpg;https://www.bodeboca.com/vino/vermouth-copa-blanco
Decántalo;Vermut Noilly Prat Rojo;14,80 €;"Bodega
Noilly Prat";;;España;Vermut Rojo;Sin descripción;Vermut Noilly Prat Rojo es un macerado semidulce y especiado, de color rubí muy vivo (con reflejos caobas). En nariz es complejo, con toques de clavo, flores (lavanda). En boca es muy sutil, con un poco de cacao amargo y un fondo muy rico. Simplemente fuerte pero muy elegante.;https://www.decantalo.com/es/47235-large_default/vermut-noilly-prat-rojo.jpg;https://www.decantalo.com/es/es/vermut-noilly-prat-rojo.html#/1-formato-75_cl/177-ano-sin_anada
Decántalo;61 Vermouth Verdejo;9,40 €;"Bodega
Bodega Cuatro Rayas";"Zona De Elaboración
Castilla Y León";;España;Vermut;Sin descripción;61 Vermouth Verdejo es un vermut con notas característicamente varietales de la uva verdejo, que también muestra aromas de monte bajo, con matices que recuerdan al hinojo, a la flor del saúco, al tomillo y al romero. Su paso por boca es equilibrado y muy agradable, con una nota balsámica que se corresponde a lo que muestra en nariz, un paso largo y un final sutilmente amargo.;https://www.decantalo.com/es/54161-large_default/61-vermouth-verdejo.jpg;https://www.decantalo.com/es/es/61-vermouth-verdejo.html#/1-formato-75_cl/177-ano-sin_anada
Decántalo;Vermut;13,40 €;;;;España;Vermut;Sin descripción;No disponibles;https://www.decantalo.com/es/img/prestashop-17-logo-1577703831.jpg;https://www.decantalo.com/es/es/vino/vermut/q/bodega_de-muller/
Bodeboca;Vermut Lustau Rosé;13.75 €;;;;España;Vermut Rosado;Este vermut es la última incorporación de Lustau a su gama de aperitivos, que se elabora gracias a un equilibrado ensamblaje en el que se combinan Fino, Moscatel y Tintilla de Rota. Destacan sus aromas de fresa y azahar que preceden a un paso por boca sedoso y con un agradable dulzor. Se recomienda acompañar con hielo, tónica y una rodaja de pomelo rosa. Los comienzos de esta bodega fueron muy modestos. Al principio cultivaban sus propias viñas y elaboraba los vinos que después vendería a bodegas de renombre.;Este vermut es la última incorporación de Lustau a su gama de aperitivos, que se elabora gracias a un equilibrado ensamblaje en el que se combinan Fino, Moscatel y Tintilla de Rota. Destacan sus aromas de fresa y azahar que preceden a un paso por boca sedoso y con un agradable dulzor. Se recomienda acompañar con hielo, tónica y una rodaja de pomelo rosa. | Bodeboca.com © 2026 - Todos los derechos reservados;https://www.bodeboca.com/sites/default/files/wines/2021-07/bot-lustau-vermut-rose.jpg;https://www.bodeboca.com/vino/vermut-lustau-rose#block-productratings
Decántalo;Vermut de la bodega Noilly Prat;17,40 €;;;;España;Vermut;Sin descripción;No disponibles;https://www.decantalo.com/es/img/prestashop-17-logo-1577703831.jpg;https://www.decantalo.com/es/es/vino/vermut/q/bodega_noilly-prat/
Decántalo;Vermouth Carpano Classico;14,75 €;"Bodega
Carpano";;;España;Vermut;Sin descripción;Vermouth Carpano Classico es un vermut que en nariz ofrece aromas que recuerdan a la hierbas aromáticas secas acompañados por especias dulces y frutas confitadas y licorosas. Su paso por boca es redondo, cuenta con un buen equilibrio entre acidez y amargor y pasa persistente con un final afrutado.;https://www.decantalo.com/es/15463-large_default/vermouth-carpano-classico.jpg;https://www.decantalo.com/es/es/vermouth-carpano-classico.html#/53-formato-1_litro/177-ano-sin_anada
Decántalo;Vermut de la bodega Belsazar;0,00 €;;;;España;Vermut;Sin descripción;No disponibles;https://www.decantalo.com/es/img/prestashop-17-logo-1577703831.jpg;https://www.decantalo.com/es/es/vino/vermut/q/bodega_belsazar/
Bodeboca;Vermut rojo Domingo;14,00 €;;;;España;Vermut Rojo;Domingo es un homenaje al día del vermut por excelencia mediante una elaboración tradicional y artesana que combina excelentes vinos con una selección única de extractos de raíces, hojas y flores de plantas aromáticas y especias. Un tributo de Osborne a los bares de toda la vida, a lo clásico, y a las emociones que esos lugares y esos momentos representan. El vino base empleado en este vermut rojo es tratado cuidadosamente con el fin de conseguir un equilibrio con los botánicos sin que sobresalga uno por encima del otro, para ello se opta por una maceración en frío más respetuoso con los aromas de las hierbas y de las especias. El resultado es un vermut como los de siempre de paso dulce con un final elegantemente amargo que siempre invita a un trago más. ¿Quién no se ha encontrado en un viaje por carretera con la icónica figura del toro bravo? Reconocido por personas de todo el mundo, es la seña de identidad de Osborne, una de las empresas familiares en activo más antiguas del mundo.;Bodeboca.com © 2026 - Todos los derechos reservados;https://www.bodeboca.com/sites/default/files/wines/2021-07/bot-vermutrojodomigno.jpg;https://www.bodeboca.com/vino/vermut-rojo-domingo#block-productratings
Decántalo;Vermut de Italia;10,10 €;;;;España;Vermut;Sin descripción;No disponibles;https://www.decantalo.com/es/img/prestashop-17-logo-1577703831.jpg;https://www.decantalo.com/es/es/vino/vermut/q/pais_italia/
Decántalo;Categoría: Vermut;13,10 €;;;;España;Vermut;Sin descripción;No disponibles;https://www.decantalo.com/es/img/prestashop-17-logo-1577703831.jpg;https://www.decantalo.com/es/es/vino/vermut/?top
Decántalo;Vermut de la bodega Pernod Ricard;12,10 €;;;;España;Vermut;Sin descripción;No disponibles;https://www.decantalo.com/es/img/prestashop-17-logo-1577703831.jpg;https://www.decantalo.com/es/es/vino/vermut/q/bodega_pernod-ricard/
Decántalo;Vermouth La Madre Negre;6,95 €;"Bodega
Vermouth La Madre";;;España;Vermut Rojo;Sin descripción;No disponibles;https://www.decantalo.com/es/65380-large_default/vermouth-la-madre-negre.jpg;https://www.decantalo.com/es/es/vermouth-la-madre-negre.html#/1-formato-75_cl/177-ano-sin_anada
Decántalo;Vermouth De Muller Iris Rojo;6,95 €;;;;España;Vermut Rojo;Sin descripción;No disponibles;https://www.decantalo.com/es/63878-large_default/vermouth-de-muller-iris-rojo.jpg;https://www.decantalo.com/es/es/vermouth-de-muller-iris-rojo.html#/1-formato-75_cl/140-outlet-outlet/177-ano-sin_anada
Decántalo;Vermouth Martínez Lacuesta Reserva;6,95 €;"15/04/2026
Electro Alavesa S.A.
Roberto
Para Mí Un  Vermout Magnífico 





04/12/2025
José Gabriel
Guevara Lizarduy
Buenas Relación Calidad Precio Y Con El Estilo Propio De Rioja





30/03/2025
Mariana
Hormigon Ausejo
Imprescindible





10/12/2024
María Antonia
Rodríguez
Increíblemente Irresistible 





29/09/2022
Angel
Cano Balbás
Excelente





08/09/2022
María Ángeles
Gonzalo García
No. Gracias





08/01/2021
J. Alvarez Tejera

Un Buen Vermouth Y Una Bodega Que Ofrece Calidad.




Cargar Más Opiniones Sobre Este Producto>";;;España;Vermut Reserva;Sin descripción;Vermouth Martínez Lacuesta Reserva es un vermut muy aromático y sabroso. En nariz destacan aromas tostados a hierbas de monte, roble y café. En boca es amargo, con recuerdos a fruta madura y especiados.;https://www.decantalo.com/es/15422-large_default/vermouth-martinez-lacuesta-reserva.jpg;https://www.decantalo.com/es/es/vermouth-martinez-lacuesta-reserva.html#/1-formato-75_cl/140-outlet-outlet/177-ano-sin_anada
Decántalo;Vermut de la bodega Carpano;14,60 €;;;;España;Vermut;Sin descripción;No disponibles;https://www.decantalo.com/es/img/prestashop-17-logo-1577703831.jpg;https://www.decantalo.com/es/es/vino/vermut/q/bodega_carpano/
Decántalo;Vermut Fernando de Castilla;15,95 €;"Bodega
Rey Fernando De Castilla";"Zona De Elaboración
Andalucía";;España;Vermut;Sin descripción;Vermut Fernando de Castilla es un macerado donde las protagonistas indiscutibles son las notas del jerez envejecido. En nariz es cítrico y floral, con especias. En boca es dulce, largo y equilibrado. Final suave y untuoso.;https://www.decantalo.com/es/13958-large_default/vermut-fernando-de-castilla.jpg;https://www.decantalo.com/es/es/vermut-fernando-de-castilla.html#/1-formato-75_cl/177-ano-sin_anada
Decántalo;Vermouth Yzaguirre Rojo;7,75 €;"Bodega
Vermut Yzaguirre";"Zona De Elaboración
Cataluña";;España;Vermut Rojo;Sin descripción;Vermouth Yzaguirre Rojo es un vermut dulce. En nariz es intenso, con notas de hierbas y especias- En boca es equilibrado, con un fino amargor final.;https://www.decantalo.com/es/15471-large_default/vermouth-yzaguirre-rojo.jpg;https://www.decantalo.com/es/es/vermouth-yzaguirre-rojo.html#/53-formato-1_litro/177-ano-sin_anada
Decántalo;Vermouth Rojo La Copa;6,95 €;;;;España;Vermut Rojo;Sin descripción;Vermouth Rojo La Copa es un macerado ligero. En nariz destacan aromas especiados, con sutiles notas de clavo, canela e hierbas silvestres. En boca es suave y elegante, con un suave amargor final.;https://www.decantalo.com/es/39028-large_default/vermouth-rojo-la-copa.jpg;https://www.decantalo.com/es/es/vermouth-rojo-la-copa.html#/1-formato-75_cl/140-outlet-outlet/177-ano-sin_anada
Decántalo;Can Rich Vermouth Premium;16,40 €;"Bodega
Can Rich";"Zona De Elaboración
Islas Baleares";;España;Vermut;Sin descripción;Can Rich Vermouth Premium se viste de rojo caoba con reflejos anaranjados, como un atardecer que se cuela en tu copa. Su nariz fresca y envolvente combina naranjas confitadas, ajenjo, tomillo y un susurro de lavanda. En boca es redondo y amable, con un dulzor seductor que coquetea con un amargor elegante, mientras las notas especiadas y balsámicas recorren cada sorbo. Ideal para abrir la tarde en buena compañía o simplemente para dejarte llevar por su carácter mediterráneo. | Can Rich Vermouth Premium es un homenaje al Mediterráneo en formato aperitivo. Elaborado con vino ecológico de la Tierra de Ibiza y aromatizado con hierbas autóctonas y especias selectas, despliega una nariz atractiva y fresca, con un perfil equilibrado y complejo. Su color tinto profundo y su suavidad en boca reflejan la identidad de la isla: cálida, vibrante y llena de matices. Con un embotellado muy limitado, es un vermut artesanal que conserva la esencia de Ibiza en cada detalle.;https://www.decantalo.com/es/71008-large_default/can-rich-vermouth-premium.jpg;https://www.decantalo.com/es/es/can-rich-vermouth-premium.html#/1-formato-75_cl/177-ano-sin_anada
Decántalo;Vermut Blanco Nordés;12,95 €;"Bodega
Galician Original Drinks";"Zona De Elaboración
Galicia";;España;Vermut Blanco;Sin descripción;No disponibles;https://www.decantalo.com/es/67192-large_default/vermut-blanco-nordes.jpg;https://www.decantalo.com/es/es/vermut-blanco-nordes.html#/53-formato-1_litro/177-ano-sin_anada
Decántalo;Vermouth Belsazar Dry;6,95 €;"Bodega
Belsazar";;;España;Vermut;Sin descripción;Vermouth Belsazar Dry es un vermut refinado y complejo que en nariz ofrece notas vínicas similares a las de espumosos añejos acompañados por aromas de frutas de verano, manzanilla y levadura que dan paso a notas amargas de naranja sevillana, genciana y ajenjo. En boca tiene una entrada sedosa, delicadamente seca, amarga y ácida que muestra sabores que recuerdan a las frutas tropicales.;https://www.decantalo.com/es/13949-large_default/vermouth-belsazar-dry.jpg;https://www.decantalo.com/es/es/vermouth-belsazar-dry.html#/1-formato-75_cl/177-ano-sin_anada
Decántalo;Vermut Atamán;14,40 €;"Bodega
Barbadillo";"Zona De Elaboración
Andalucía";;España;Vermut;Sin descripción;Vermut Atamán es un macerado fuerte y amargo. En nariz es dulce, con recuerdos a frutas escarchadas, especias y cítricos. En boca es ácido, destacando los aromas a ajenjo, quassia, naranja amarga, romero y bayas de saúco.;https://www.decantalo.com/es/39029-large_default/vermut-ataman.jpg;https://www.decantalo.com/es/es/vermut-ataman.html#/29-formato-50_cl/177-ano-sin_anada
Decántalo;Raimat El Polvorí Vermut;10,50 €;"Bodega
Raimat";"Zona De Elaboración
Cataluña";;España;Vermut;Sin descripción;Raimat El Polvorí Vermut es un vermut de atractivo color ambarino con matices que evolucionan hacia un tono teja, mostrándose nítido y brillante a la vista. En la nariz, los sutiles toques de madera y especias se entrelazan armoniosamente con la frescura de las hierbas naturales del bosque, creando una experiencia sensorial única. Al llegar a la boca, revela su complejidad y carácter distintivo. El equilibrio perfecto entre sus elementos lo hace cautivador, mientras que su gran persistencia deja una impresión duradera en el paladar.;https://www.decantalo.com/es/60186-large_default/raimat-el-polvori-vermut.jpg;https://www.decantalo.com/es/es/raimat-el-polvori-vermut.html#/1-formato-75_cl/177-ano-sin_anada
Bodeboca;61 Vermouth Tempranillo;13,20 €;;;;España;Vermut;Este producto se presenta como un vermouth de bodega con carácter 100% Tempranillo. Está elaborado a partir de un tinto seleccionado entre los mejores majuelos de pueblos que son sinónimos de buen vino: La Seca, Medina del Campo, Pozal de Gallinas, Serrada y Villanueva de Duero. Aromatizado con botánicos, hereda su nombre del primigenio depósito 61 de Bodega Cuatro Rayas. Con más de 80 años de historia a sus espaldas, esta bodega es una de las más potentes de la Denominación de Origen Rueda. Allí elaboran hasta 15 millones de botellas cada añada.;Bodeboca.com © 2026 - Todos los derechos reservados;https://www.bodeboca.com/sites/default/files/wines/2021-09/bot-61-vermouth-tempranillo.jpg;https://www.bodeboca.com/vino/61-vermouth-tempranillo
Decántalo;Álvaro Domecq Vermut La Janda;6,95 €;"Bodega
Álvaro Domecq";"Zona De Elaboración
Andalucía";;España;Vermut;Sin descripción;No disponibles;https://www.decantalo.com/es/56929-large_default/alvaro-domecq-vermut-la-janda.jpg;https://www.decantalo.com/es/es/alvaro-domecq-vermut-la-janda.html#/1-formato-75_cl/177-ano-sin_anada
Decántalo;Vermouth Yzaguirre Rojo Reserva;11,80 €;"Bodega
Vermut Yzaguirre";"Zona De Elaboración
Cataluña";;España;Vermut Rojo;Sin descripción;Vermouth Yzaguirre Rojo Reserva es muy aromático. En nariz es punzante con notas propias de la madera (café) que se mezclan con notas a fruta madura. En boca es aterciopelado y agradable, con persistencia de la madera y especias. Sabroso y con buena acidez. Final largo y carnoso. Complejo y dulce.;https://www.decantalo.com/es/15465-large_default/vermouth-yzaguirre-rojo-reserva.jpg;https://www.decantalo.com/es/es/vermouth-yzaguirre-rojo-reserva.html#/53-formato-1_litro/177-ano-sin_anada
Decántalo;Lustau Vermut Rosé;12,50 €;"Bodega
Lustau";"Zona De Elaboración
Andalucía";;España;Vermut Rosado;Sin descripción;El Lustau Vermut Rosé ofrece en nariz aromas que recuerdan a las fresas silvestres, la flor de azahar y la fruta escarchada acompañados por notas de pastelería y matices almendrados, florales y herbáceos. En boca se presenta con un agradable dulzor y delicadeza donde se expresan notas especiadas y herbáceas, un amargor sutil y bien integrado y un paso suave y sedoso.;https://www.decantalo.com/es/26312-large_default/vermut-lustau-rose.jpg;https://www.decantalo.com/es/es/vermut-lustau-rose.html#/1-formato-75_cl/177-ano-sin_anada
Bodeboca;El Bandarra Vermut 1L;9,40 €;;;;España;Vermut Blanco;El Bandarra es el vermut del proyecto Democratic Wine perfecto para disfrutar en una terracita, con jaleo y buen rollo. Lo elaboran los chicos de Casa Berger macerando su vino blanco con más de 50 extractos de hierbas, flores, botánicos y especias naturales como el clavo, la canela, la vainilla, cardamomo y naranja amarga. Después de fortificar el vino, se le da un toque de caramelo y se termina de domar en barricas de roble con soleras durante 1 o 2 meses. En cata destaca su bonito color caoba con reflejos anaranjados. En nariz aporta aromas de regaliz, toques cítricos y clavo, y en boca tiene una entrada muy suave y golosa con un posgusto amable, ligero y persistente. Presentado en formato de 1 litro.;En cata destaca su bonito color caoba con reflejos anaranjados. En nariz aporta aromas de regaliz, toques cítricos y clavo, y en boca tiene una entrada muy suave y golosa con un posgusto amable, ligero y persistente. Presentado en formato de 1 litro. | Bodeboca.com © 2026 - Todos los derechos reservados;https://www.bodeboca.com/sites/default/files/wines/2016-06/bot-el-bandarra-vermut-100cl-nueva.jpg;https://www.bodeboca.com/vino/el-bandarra-vermut-1l
Bodeboca;Vermouth Pérez Barquero;12,67 €;;;;España;Vermut;Vermouth Pérez Barquero se elabora con vino de uvas Pedro Ximénez de la Sierra de Montilla. El vino pasó por las tradicionales tinajas de la zona en las que adquirió propiedades de su corta pero intensa crianza biológica. Actualmente, Bodegas Pérez Barquero pertenece a tres familias de la zona: Córdoba, Ruz y Gracia. Juntos engloban el Grupo Pérez Barquero con cuatro bodegas en Montilla-Moriles.;Bodeboca.com © 2026 - Todos los derechos reservados;https://www.bodeboca.com/sites/default/files/wines/2019-05/bot-vermuth-barquero-2022.jpg;https://www.bodeboca.com/vino/vermouth-perez-barquero
Decántalo;Lustau Vermut Rojo;11,80 €;"Bodega
Lustau";"Zona De Elaboración
Andalucía";;España;Vermut Rojo;Sin descripción;Lustau Vermut Rojo es un vermut dulce. En nariz es intenso y complejo, con notas de fruta madura, cítricas y herbáceas sobre un fondo de madera ahumada. En boca es aterciopelado, suave y graso. Final avellanado y ligeramente amargo.;https://www.decantalo.com/es/15489-large_default/vermut-lustau-rojo.jpg;https://www.decantalo.com/es/es/vermut-lustau-rojo.html#/1-formato-75_cl/177-ano-sin_anada
Decántalo;Vermouth La Madre Premium;6,95 €;"Bodega
Vermouth La Madre";;;España;Vermut;Sin descripción;No disponibles;https://www.decantalo.com/es/65379-large_default/vermouth-la-madre-premium.jpg;https://www.decantalo.com/es/es/vermouth-la-madre-premium.html#/1-formato-75_cl/177-ano-sin_anada
Bodeboca;Vermouth Martínez Lacuesta Reserva;22,53 €;;;;España;Vermut Blanco;"Vermouth, Vermut o Vermú. Independientemente del nombre elegido (todos son válidos) para esta bebida que vive actualmente un bonito resurgir, se debe saber principalmente que se trata de un vino aromatizado. En el caso del Vermouth Martínez Lacuesta Reserva es un vino blanco base mezclado con ""la conzia"", un extracto de 24 hierbas aromáticas en la que destaca el ajenjo; al que se añade el caramelo (azúcar quemado) que le da su característico color ambarino. Todo ello envejecido en barricas de roble americano durante 2 a 3 años. Una vez acabado este proceso artesanal, en Martínez Lacuesta le dan una crianza adicional de 7 meses en roble francés Allier y esta es su gran diferencia. El resultado es una mayor complejidad aromática, una sensación de dulzor más perceptible, pero también un amargor amable con toques torrefactos procedentes del tostado de la madera.";Bodeboca.com © 2026 - Todos los derechos reservados;https://www.bodeboca.com/sites/default/files/wines/2020-02/bot-martinez-lacuesta_1.jpg;https://www.bodeboca.com/vino/vermouth-martinez-lacuesta-reserva
Decántalo;Vermut de la bodega Astobiza;20,25 €;;;;España;Vermut;Sin descripción;No disponibles;https://www.decantalo.com/es/img/prestashop-17-logo-1577703831.jpg;https://www.decantalo.com/es/es/vino/vermut/q/bodega_astobiza/
Decántalo;Vermouth Dos Deus Estrelles;13,80 €;"Bodega
Celler Bellmunt";"Denominación De Origen
Doq Priorat";"Denominación De Origen
Doq Priorat";España;Vermut;Sin descripción;Vermouth Dos Deus Estrelles es un vermut potente. En nariz es especiado, con notas a hierbas silvestres. En boca es sabroso y largo. Final amargo.;https://www.decantalo.com/es/13975-large_default/vermouth-dos-deus-estrelles.jpg;https://www.decantalo.com/es/es/vermouth-dos-deus-estrelles.html#/1-formato-75_cl/177-ano-sin_anada
Decántalo;Vermouth Cuppedia;6,95 €;"Bodega
Bodegas Riojanas";"Zona De Elaboración
La Rioja";;España;Vermut;Sin descripción;Vermouth Cuppedia es un vermut rojo. En nariz muestra aromas a fruta confitada, hierbas de monte, especias dulces, frutos secos, notas tostadas y cítricos. En boca es sabroso y elegante, con buena acidez y un fino amargor. | que colección de sabores en boca!!!!;https://www.decantalo.com/es/39036-large_default/vermouth-cuppedia.jpg;https://www.decantalo.com/es/es/vermouth-cuppedia.html#/53-formato-1_litro/177-ano-sin_anada
Decántalo;Vermut Les Cousins Donzell;12,75 €;"Bodega
Les Cousins Marc & Adrià";"Denominación De Origen
Doq Priorat";"Denominación De Origen
Doq Priorat";España;Vermut;Sin descripción;Olvídate del vermut de siempre: Les Cousins Donzell 2022 llega con fruta a raudales, un punto balsámico y ese amargor que engancha como un buen riff de guitarra. En boca es directo, sabroso y con carácter, ideal para tomarlo frío, con hielo y naranja, mientras las conversaciones se alargan y la tarde se convierte en noche. Un vino aromatizado que no pide permiso, simplemente se disfruta. | Les Cousins Donzell 2018 es un vino aromatizado donde destaca la presencia de la fruta acompañada por matices herbales y balsámicos. En boca pasa con elegancia reafirmando su fruta con un sabroso y equilibrado toque amargo que le hace funcionar de maravilla como aperitivo. Se aconseja beberlo frío, en un vaso con hielo y una rodaja de naranja.;https://www.decantalo.com/es/61935-large_default/vermut-les-cousins-donzell.jpg;https://www.decantalo.com/es/es/vermut-les-cousins-donzell.html#/53-formato-1_litro/216-ano-2022
Decántalo;Vermouth Perucchi Gran Reserva;14,25 €;"Bodega
Perucchi 1876";"Zona De Elaboración
Cataluña";;España;Vermut Reserva;Sin descripción;Vermouth Perucchi Gran Reserva 1L es un vermut suave, fácil de beber. En nariz es intenso, con notas de roble y fruto seco (propios de la madera), fruta madura y especias. En boca es amargo y agradable.;https://www.decantalo.com/es/63108-large_default/vermouth-perucchi-gran-reserva.jpg;https://www.decantalo.com/es/es/vermouth-perucchi-gran-reserva.html#/53-formato-1_litro/177-ano-sin_anada
Decántalo;Vermut El Bandarra;8,95 €;"Bodega
Martí Serdà";"Zona De Elaboración
Cataluña";;España;Vermut;Sin descripción;Vermut El Bandarra es un vermut clásico, de color caoba, con reflejos anaranjados. En nariz destaca el regaliz, que se combina con aromas a hierbas de monte, especias y canela. En boca es sabroso y muy goloso, con una entrada muy suave. Buena acidez. Bien equilibrado. Final ligero y persistente.;https://www.decantalo.com/es/54580-large_default/vermut-el-bandarra.jpg;https://www.decantalo.com/es/es/vermut-el-bandarra.html#/53-formato-1_litro/177-ano-sin_anada
Bodeboca;Gamondi Vermouth di Torino Rosso 1L;11,60 €;;;;España;Vermut Rojo;Considerado junto al Vermouth di Torino Bianco el aperitivo tradicional piamontés, este licor con base de vino tinto se elabora siguiendo la antigua receta de la casa fundada por Carlo Gamondi. Su elemento distintivo es la artemisia infusionada con otros 36 botánicos más dando un vermut intenso y aromático. Todas las plantas y flores como la salvia, la piel de naranja dulce y amarga, el tomillo, la milenrama, las semillas de cilantro, la pimienta, la ajedrea, la genciana, la cinchona o el regaliz se introducen en un solo recipiente giratorio que permite una buena disolución de sus ingredientes activos en la infusión. En 30 días se obtiene un extracto rico en aromas y sabores, listo para ser añadido con sacarosa al vino.;Bodeboca.com © 2026 - Todos los derechos reservados;https://www.bodeboca.com/sites/default/files/wines/2023-06/bot-gamondi-vermouth-di-torino-rosso-1l.png;https://www.bodeboca.com/vino/gamondi-vermouth-torino-rosso-1l#block-productratings
Decántalo;Vermut Marnuthem Blanc 75 cl;29,95 €;"Bodega
Marnuthem";;;España;Vermut;Sin descripción;Este vermut blanco se presenta con un amarillo pálido de reflejos dorados que ya anticipa su elegancia. En nariz despliega una intensidad sorprendente, combinando hierbas silvestres, fruta expresiva, delicadas especias, piel de cítricos y unos anisados finísimos que lo elevan. En boca es puro frescor: acidez marcada, presencia de fruta, una complejidad deliciosa y una sutil punta salina que aporta carácter. La piel de cítricos y los anisados vuelven a aparecer, perfectamente integrados con las especias, mientras las sensaciones amargas, muy bien trabajadas, equilibran el conjunto.;https://www.decantalo.com/es/65773-large_default/vermut-marnuthem-blanc-75-cl.jpg;https://www.decantalo.com/es/es/vermut-marnuthem-blanc-75-cl.html#/1-formato-75_cl/177-ano-sin_anada
Decántalo;Vermut de la bodega Lustau;13,10 €;;;;España;Vermut;Sin descripción;No disponibles;https://www.decantalo.com/es/img/prestashop-17-logo-1577703831.jpg;https://www.decantalo.com/es/es/vino/vermut/q/bodega_lustau/
Bodeboca;Cinzano Vermouth Bianco 1L;7,80 €;;;;España;Vermut Blanco;Cinzano Vermouth Bianco es un vermut blanco con un aroma fragante y delicado. Es dulce, con cuerpo y muy versátil, ideal como un aperitivo o como ingrediente de algún cóctel. Una propuesta para disfrutarlo es el cóctel Bianco on the rocks para el que necesitarás Cinzano Vermouth Bianco, aceitunas, una rodaja de limón y hielo. También puedes añadir un poco de soda.;Bodeboca.com © 2026 - Todos los derechos reservados;https://www.bodeboca.com/sites/default/files/wines/2021-06/bot-cinzano-vermouth-bianco.jpg;https://www.bodeboca.com/vino/cinzano-vermouth-bianco-1l#block-productratings
Decántalo;Vermouth Carpano Bianco;14,25 €;"Bodega
Carpano";;;España;Vermut Blanco;Sin descripción;Vermouth Carpano Bianco es un vermut suave. En nariz es fresco y complejo, con notas de cítricos y vainillas. En boca es sabroso y dulce, con un final amargo. Recuerdos a orejones, pasas, dátiles y cáscara de naranja.;https://www.decantalo.com/es/13965-large_default/vermouth-carpano-bianco.jpg;https://www.decantalo.com/es/es/vermouth-carpano-bianco.html#/53-formato-1_litro/177-ano-sin_anada
Decántalo;Vermut Clàssic Castell del Remei;9,60 €;"Bodega
Castell Del Remei";"Zona De Elaboración
Cataluña";;España;Vermut;Sin descripción;Vermut Clàssic Castell del Remei es un macerado clásico. En nariz es intenso, con aromas a especias (hierba santa, genencia, hierba gitanera o hierba del puerto) y frutas. En boca tiene una entrada dulce, pasando a un final amargo. Buena acidez y sabroso.;https://www.decantalo.com/es/39035-large_default/vermut-classic-castell-del-remei.jpg;https://www.decantalo.com/es/es/vermut-classic-castell-del-remei.html#/1-formato-75_cl/177-ano-sin_anada
Decántalo;Vermouth Yzaguirre Blanco Reserva;13,25 €;"Bodega
Vermut Yzaguirre";"Zona De Elaboración
Cataluña";;España;Vermut Blanco;Sin descripción;No disponibles;https://www.decantalo.com/es/15424-large_default/vermouth-yzaguirre-blanco-reserva.jpg;https://www.decantalo.com/es/es/vermouth-yzaguirre-blanco-reserva.html#/53-formato-1_litro/177-ano-sin_anada
Decántalo;Vermut de la bodega Martínez Lacuesta;16,90 €;;;;España;Vermut;Sin descripción;No disponibles;https://www.decantalo.com/es/img/prestashop-17-logo-1577703831.jpg;https://www.decantalo.com/es/es/vino/vermut/q/bodega_martinez-lacuesta/
Decántalo;Vermut de Francia;12,10 €;;;;España;Vermut;Sin descripción;No disponibles;https://www.decantalo.com/es/img/prestashop-17-logo-1577703831.jpg;https://www.decantalo.com/es/es/vino/vermut/q/pais_francia/
Decántalo;Vermut Xalar;13,25 €;"Bodega
Coca I Fitó";"Zona De Elaboración
Cataluña";;España;Vermut;Sin descripción;Vermut Xalar ofrece en nariz una gama de aromas complejos donde destaca la presencia de cítricos y balsámicos. En boca se presenta con un sutil dulzor al que le siguen sabores que recuerdan a frutas cítricas acompañadas por un sutil matiz amargo que equilibra el conjunto. Un vermut elegante y complejo, persistente, balsámico y sabroso.;https://www.decantalo.com/es/41059-large_default/vermut-xalar.jpg;https://www.decantalo.com/es/es/vermut-xalar.html#/1-formato-75_cl/177-ano-sin_anada
Decántalo;Vermut Fernando de Castilla blanco;15,95 €;"Bodega
Rey Fernando De Castilla";"Zona De Elaboración
Andalucía";;España;Vermut Blanco;Sin descripción;Vermut Fernando de Castilla blanco es un vermut natural potente y complejo. En nariz es afrutado, con aromas a uva moscatel y especias. En boca es semidulce, intento y largo, con sabores a ajenjo, clavo y tomillo.;https://www.decantalo.com/es/13952-large_default/vermut-fernando-de-castilla-blanco.jpg;https://www.decantalo.com/es/es/vermut-fernando-de-castilla-blanco.html#/1-formato-75_cl/177-ano-sin_anada
Decántalo;Lustau Vermut blanco;12,50 €;"Bodega
Lustau";"Zona De Elaboración
Andalucía";;España;Vermut Blanco;Sin descripción;El Lustau Vermut blanco ofrece en nariz aromas muy florales, cítricos y herbáceos, con notas almendradas, un matiz balsámico y un sutil fondo mineral. En boca entra sápido y amargo de principio a fin, donde las notas del fino quedan de manifiesto haciéndolo a la vez ligero y refrescante.;https://www.decantalo.com/es/29403-large_default/lustau-vermut-blanco.jpg;https://www.decantalo.com/es/es/lustau-vermut-blanco.html#/1-formato-75_cl/177-ano-sin_anada
Decántalo;COS Vermouth Rosso Nero d'Avola 2021;28,30 €;"Bodega
Azienda Agricola Cos";"Denominación De Origen
Igt Terre Siciliane";"Denominación De Origen
Igt Terre Siciliane";España;Vermut Rojo;Sin descripción;COS Vermouth Rosso Nero d’Avola 2023 es un sorbo de Sicilia, donde la uva nero d’Avola se transforma en un elixir sofisticado y embriagador. Aromas de cítricos confitados, hierbas del monte y un guiño especiado que te atrapa al primer sorbo. En boca entra suave, pero pronto enseña su lado más vinoso y seductor. Largo, fresco, con garra y mucha actitud. Su final largo y elegante lo convierte en una delicia para paladares exigentes. Pídelo con hielo, una rodaja de naranja… y deja que la tarde se alargue sin culpa.;https://www.decantalo.com/es/73062-large_default/cos-vermouth-rosso-nero-d-avola-2021.jpg;https://www.decantalo.com/es/es/cos-vermouth-rosso-nero-d-avola-2021.html#/1-formato-75_cl/213-ano-2023
Decántalo;Vermouth Yzaguirre Rojo;6,95 €;;;;España;Vermut Rojo;Sin descripción;Vermouth Yzaguirre Rojo es un vermut dulce. En nariz es intenso, con notas de hierbas y especias- En boca es equilibrado, con un fino amargor final.;https://www.decantalo.com/es/15471-large_default/vermouth-yzaguirre-rojo.jpg;https://www.decantalo.com/es/es/vermouth-yzaguirre-rojo.html#/53-formato-1_litro/140-outlet-outlet/177-ano-sin_anada
